model,dataset,Macro F1,Accuracy,Cohen's Kappa,Macro Precision,Macro Recall,Wake F1,N1 F1,N2 F1,N3 F1,REM F1
u-sleep EEG/EOG,ABC,0.785±0.092,0.848±0.050,0.776±0.061,0.822±0.094,0.781±0.093,0.887±0.046,0.612±0.079,0.863±0.069,0.648±0.285,0.895±0.201
u-sleep EEG/EOG,CCSHS,0.859±0.050,0.919±0.038,0.886±0.053,0.866±0.051,0.869±0.048,0.965±0.033,0.611±0.141,0.912±0.048,0.879±0.093,0.930±0.038
u-sleep EEG/EOG,CFS,0.809±0.079,0.901±0.060,0.851±0.097,0.829±0.079,0.816±0.072,0.962±0.037,0.520±0.156,0.883±0.097,0.780±0.215,0.902±0.110
u-sleep EEG/EOG,CHAT,0.822±0.047,0.881±0.047,0.838±0.063,0.856±0.045,0.821±0.041,0.952±0.036,0.520±0.121,0.851±0.078,0.896±0.071,0.892±0.063
u-sleep EEG/EOG,HOMEPAP,0.739±0.100,0.821±0.092,0.737±0.143,0.778±0.091,0.756±0.083,0.890±0.095,0.417±0.152,0.811±0.117,0.726±0.260,0.878±0.167
u-sleep EEG/EOG,MESA,0.742±0.089,0.859±0.079,0.788±0.117,0.776±0.091,0.774±0.082,0.937±0.095,0.511±0.128,0.838±0.103,0.531±0.299,0.889±0.095
u-sleep EEG/EOG,MROS,0.752±0.080,0.891±0.040,0.826±0.067,0.770±0.075,0.778±0.078,0.955±0.038,0.445±0.150,0.870±0.067,0.605±0.250,0.879±0.140
u-sleep EEG/EOG,SHHS,0.768±0.086,0.871±0.065,0.811±0.094,0.784±0.089,0.795±0.074,0.933±0.067,0.448±0.187,0.861±0.083,0.703±0.226,0.901±0.087
u-sleep EEG/EOG,SOF,0.766±0.068,0.880±0.056,0.813±0.090,0.794±0.064,0.770±0.071,0.945±0.049,0.408±0.147,0.849±0.079,0.718±0.176,0.918±0.071
u-sleep EEG/EOG,APOE,0.718±0.102,0.812±0.087,0.711±0.126,0.755±0.104,0.757±0.084,0.867±0.081,0.447±0.171,0.844±0.106,0.537±0.318,0.867±0.132
u-sleep EEG/EOG,APPLES,0.740±0.086,0.831±0.077,0.746±0.105,0.764±0.088,0.767±0.079,0.906±0.053,0.509±0.142,0.842±0.135,0.386±0.313,0.873±0.149
u-sleep EEG/EOG,MNC-SSC,0.675±0.104,0.804±0.080,0.693±0.120,0.703±0.111,0.712±0.081,0.801±0.126,0.321±0.172,0.852±0.075,0.538±0.305,0.853±0.165
u-sleep EEG/EOG,MNC-DHC,0.815±0.060,0.914±0.039,0.861±0.061,0.840±0.042,0.816±0.073,0.978±0.016,0.535±0.139,0.854±0.072,0.806±0.129,0.904±0.041
u-sleep EEG/EOG,MNC-CNC,0.762±0.065,0.822±0.054,0.754±0.068,0.776±0.070,0.790±0.050,0.786±0.153,0.480±0.139,0.825±0.112,0.846±0.074,0.873±0.054
u-sleep EEG/EOG,MSP,0.773±0.080,0.874±0.036,0.797±0.066,0.795±0.087,0.787±0.079,0.914±0.072,0.488±0.108,0.884±0.058,0.680±0.266,0.876±0.146
u-sleep EEG/EOG,WSC,0.720±0.097,0.853±0.074,0.764±0.113,0.760±0.099,0.737±0.098,0.882±0.112,0.488±0.159,0.897±0.062,0.415±0.286,0.883±0.133
u-sleep EEG/EOG,NCHSDB,0.745±0.074,0.861±0.045,0.790±0.094,0.774±0.076,0.761±0.080,0.851±0.103,0.320±0.160,0.843±0.132,0.888±0.104,0.827±0.157
u-sleep EEG/EOG,DCSM,0.797±0.082,0.924±0.043,0.861±0.076,0.826±0.077,0.799±0.078,0.982±0.022,0.495±0.143,0.850±0.094,0.771±0.205,0.892±0.134
u-sleep EEG/EOG,SEDF-ST,0.744±0.076,0.828±0.055,0.748±0.077,0.786±0.090,0.777±0.056,0.777±0.126,0.451±0.140,0.861±0.064,0.733±0.239,0.894±0.083
u-sleep EEG/EOG,SEDF-SC,0.732±0.088,0.914±0.037,0.821±0.073,0.777±0.084,0.769±0.070,0.979±0.015,0.388±0.130,0.824±0.089,0.598±0.289,0.855±0.117
u-sleep EEG/EOG,PHYS,0.683±0.099,0.772±0.088,0.663±0.123,0.741±0.097,0.720±0.083,0.743±0.160,0.406±0.147,0.822±0.107,0.606±0.277,0.850±0.171
u-sleep EEG/EOG,DOD-H,0.798±0.077,0.865±0.052,0.801±0.076,0.830±0.085,0.809±0.070,0.873±0.134,0.545±0.171,0.867±0.064,0.780±0.174,0.922±0.068
u-sleep EEG/EOG,DOD-O,0.775±0.077,0.865±0.060,0.792±0.089,0.797±0.075,0.795±0.076,0.918±0.053,0.535±0.132,0.876±0.072,0.636±0.277,0.912±0.139
u-sleep EEG/EOG,BSWR,0.711±0.109,0.787±0.099,0.686±0.139,0.782±0.103,0.733±0.093,0.827±0.141,0.440±0.161,0.802±0.126,0.627±0.289,0.864±0.169
u-sleep EEG/EOG,Avg NSRR,0.764±0.045,0.861±0.035,0.791±0.053,0.791±0.041,0.782±0.036,0.907±0.056,0.475±0.081,0.858±0.026,0.681±0.161,0.885±0.024
u-sleep EEG/EOG,Avg OOD,0.749±0.044,0.851±0.059,0.767±0.072,0.791±0.031,0.772±0.034,0.871±0.094,0.466±0.061,0.843±0.027,0.679±0.080,0.884±0.028
u-sleep EEG/EOG,Avg Overall,0.759±0.042,0.858±0.040,0.784±0.056,0.791±0.036,0.779±0.034,0.896±0.067,0.472±0.072,0.853±0.025,0.681±0.134,0.885±0.024
u-sleep EEG,ABC,0.759±0.093,0.838±0.051,0.758±0.060,0.821±0.094,0.756±0.088,0.882±0.048,0.566±0.095,0.853±0.076,0.597±0.323,0.878±0.201
u-sleep EEG,CCSHS,0.855±0.060,0.916±0.048,0.882±0.066,0.863±0.057,0.865±0.057,0.964±0.039,0.607±0.154,0.910±0.057,0.869±0.108,0.927±0.049
u-sleep EEG,CFS,0.795±0.091,0.893±0.063,0.838±0.103,0.824±0.090,0.801±0.080,0.959±0.040,0.527±0.161,0.875±0.101,0.729±0.229,0.883±0.137
u-sleep EEG,CHAT,0.820±0.047,0.873±0.050,0.828±0.067,0.850±0.044,0.821±0.040,0.946±0.040,0.545±0.120,0.845±0.087,0.883±0.076,0.883±0.067
u-sleep EEG,HOMEPAP,0.742±0.070,0.826±0.082,0.742±0.130,0.791±0.084,0.753±0.057,0.897±0.084,0.375±0.132,0.820±0.095,0.757±0.227,0.891±0.120
u-sleep EEG,MESA,0.718±0.098,0.856±0.078,0.780±0.122,0.781±0.087,0.737±0.102,0.936±0.092,0.453±0.153,0.841±0.101,0.483±0.275,0.868±0.123
u-sleep EEG,MROS,0.738±0.086,0.887±0.047,0.821±0.073,0.763±0.085,0.761±0.082,0.954±0.041,0.448±0.161,0.869±0.062,0.558±0.277,0.856±0.165
u-sleep EEG,SHHS,0.752±0.093,0.860±0.072,0.793±0.103,0.780±0.093,0.771±0.084,0.930±0.071,0.442±0.208,0.855±0.086,0.653±0.239,0.882±0.109
u-sleep EEG,SOF,0.745±0.077,0.868±0.070,0.794±0.108,0.792±0.069,0.748±0.071,0.950±0.048,0.428±0.152,0.834±0.095,0.638±0.211,0.887±0.125
u-sleep EEG,APOE,0.697±0.104,0.793±0.093,0.685±0.134,0.742±0.102,0.752±0.084,0.866±0.082,0.384±0.171,0.826±0.110,0.548±0.310,0.840±0.144
u-sleep EEG,APPLES,0.721±0.091,0.807±0.089,0.712±0.118,0.761±0.091,0.750±0.076,0.907±0.052,0.449±0.152,0.814±0.146,0.423±0.324,0.857±0.159
u-sleep EEG,MNC-SSC,0.665±0.105,0.795±0.080,0.680±0.123,0.697±0.113,0.707±0.079,0.795±0.128,0.285±0.169,0.844±0.072,0.558±0.300,0.832±0.171
u-sleep EEG,MNC-DHC,0.794±0.060,0.904±0.043,0.844±0.068,0.827±0.048,0.789±0.064,0.976±0.016,0.505±0.130,0.834±0.095,0.770±0.113,0.887±0.050
u-sleep EEG,MNC-CNC,0.739±0.066,0.801±0.060,0.725±0.075,0.764±0.073,0.773±0.048,0.773±0.172,0.451±0.116,0.808±0.118,0.818±0.078,0.847±0.053
u-sleep EEG,MSP,0.767±0.074,0.870±0.040,0.793±0.064,0.796±0.093,0.784±0.076,0.919±0.070,0.495±0.071,0.880±0.057,0.659±0.259,0.861±0.130
u-sleep EEG,WSC,0.713±0.098,0.843±0.074,0.749±0.115,0.751±0.098,0.745±0.095,0.878±0.110,0.433±0.167,0.889±0.063,0.483±0.280,0.856±0.140
u-sleep EEG,NCHSDB,0.739±0.082,0.853±0.063,0.783±0.109,0.772±0.087,0.755±0.081,0.844±0.101,0.306±0.165,0.848±0.119,0.884±0.101,0.822±0.170
u-sleep EEG,DCSM,0.783±0.086,0.920±0.046,0.854±0.080,0.823±0.087,0.780±0.078,0.981±0.022,0.480±0.148,0.846±0.102,0.736±0.230,0.873±0.143
u-sleep EEG,SEDF-ST,0.758±0.075,0.839±0.054,0.761±0.076,0.813±0.088,0.781±0.056,0.810±0.110,0.475±0.151,0.870±0.061,0.740±0.234,0.895±0.082
u-sleep EEG,SEDF-SC,0.720±0.090,0.912±0.040,0.817±0.081,0.786±0.085,0.761±0.062,0.981±0.014,0.342±0.131,0.814±0.097,0.602±0.288,0.845±0.115
u-sleep EEG,PHYS,0.687±0.101,0.776±0.096,0.671±0.133,0.750±0.101,0.734±0.078,0.746±0.162,0.342±0.155,0.828±0.112,0.698±0.240,0.835±0.173
u-sleep EEG,DOD-H,0.816±0.074,0.890±0.051,0.834±0.081,0.863±0.074,0.813±0.068,0.878±0.087,0.526±0.169,0.907±0.052,0.851±0.175,0.916±0.075
u-sleep EEG,DOD-O,0.775±0.084,0.865±0.071,0.792±0.102,0.807±0.086,0.792±0.069,0.906±0.078,0.495±0.147,0.881±0.071,0.696±0.269,0.904±0.101
u-sleep EEG,BSWR,0.700±0.112,0.781±0.103,0.676±0.143,0.785±0.106,0.726±0.094,0.828±0.141,0.384±0.165,0.798±0.129,0.652±0.265,0.847±0.179
u-sleep EEG,Avg NSRR,0.751±0.046,0.852±0.038,0.777±0.057,0.787±0.041,0.769±0.036,0.904±0.059,0.453±0.085,0.850±0.028,0.665±0.148,0.868±0.026
u-sleep EEG,Avg OOD,0.748±0.047,0.855±0.059,0.772±0.074,0.804±0.035,0.770±0.031,0.876±0.088,0.435±0.077,0.849±0.039,0.711±0.078,0.874±0.032
u-sleep EEG,Avg Overall,0.750±0.044,0.853±0.042,0.775±0.058,0.792±0.038,0.769±0.033,0.896±0.065,0.447±0.078,0.850±0.029,0.679±0.126,0.870±0.026
u-sleep EOG,ABC,0.766±0.097,0.838±0.058,0.758±0.075,0.818±0.093,0.757±0.093,0.884±0.046,0.581±0.079,0.846±0.094,0.612±0.300,0.888±0.200
u-sleep EOG,CCSHS,0.844±0.050,0.910±0.038,0.873±0.052,0.850±0.048,0.857±0.051,0.965±0.028,0.571±0.143,0.901±0.051,0.864±0.103,0.919±0.045
u-sleep EOG,CFS,0.791±0.082,0.891±0.058,0.835±0.094,0.812±0.087,0.802±0.074,0.959±0.035,0.488±0.158,0.868±0.098,0.753±0.236,0.890±0.112
u-sleep EOG,CHAT,0.824±0.046,0.877±0.048,0.832±0.065,0.850±0.045,0.825±0.042,0.951±0.040,0.544±0.115,0.843±0.081,0.891±0.074,0.891±0.067
u-sleep EOG,HOMEPAP,0.726±0.122,0.809±0.100,0.711±0.177,0.770±0.125,0.735±0.112,0.873±0.149,0.390±0.160,0.812±0.090,0.681±0.263,0.884±0.171
u-sleep EOG,MESA,0.728±0.094,0.855±0.078,0.781±0.123,0.773±0.097,0.753±0.088,0.941±0.070,0.466±0.147,0.833±0.116,0.504±0.299,0.894±0.080
u-sleep EOG,MROS,0.730±0.090,0.885±0.043,0.817±0.069,0.754±0.090,0.752±0.083,0.953±0.036,0.411±0.157,0.864±0.063,0.540±0.293,0.870±0.158
u-sleep EOG,SHHS,0.751±0.093,0.860±0.075,0.794±0.112,0.773±0.092,0.773±0.082,0.919±0.094,0.410±0.184,0.853±0.083,0.686±0.237,0.894±0.089
u-sleep EOG,SOF,0.733±0.075,0.867±0.061,0.790±0.097,0.776±0.078,0.732±0.072,0.941±0.050,0.319±0.169,0.831±0.089,0.670±0.204,0.905±0.089
u-sleep EOG,APOE,0.717±0.101,0.814±0.079,0.713±0.119,0.743±0.102,0.758±0.087,0.850±0.086,0.440±0.172,0.853±0.091,0.562±0.317,0.855±0.146
u-sleep EOG,APPLES,0.723±0.093,0.818±0.086,0.729±0.113,0.748±0.088,0.752±0.087,0.897±0.058,0.478±0.143,0.834±0.140,0.340±0.317,0.864±0.154
u-sleep EOG,MNC-SSC,0.684±0.107,0.809±0.073,0.701±0.117,0.710±0.111,0.719±0.085,0.807±0.123,0.310±0.176,0.857±0.060,0.586±0.314,0.853±0.159
u-sleep EOG,MNC-DHC,0.798±0.066,0.902±0.049,0.842±0.075,0.817±0.058,0.797±0.071,0.972±0.024,0.473±0.140,0.843±0.070,0.824±0.076,0.876±0.089
u-sleep EOG,MNC-CNC,0.765±0.074,0.817±0.060,0.747±0.079,0.772±0.072,0.786±0.061,0.799±0.142,0.495±0.182,0.822±0.113,0.846±0.071,0.862±0.067
u-sleep EOG,MSP,0.756±0.091,0.858±0.044,0.775±0.075,0.765±0.098,0.772±0.088,0.898±0.076,0.439±0.143,0.874±0.052,0.669±0.283,0.875±0.128
u-sleep EOG,WSC,0.710±0.098,0.847±0.072,0.753±0.115,0.748±0.101,0.725±0.099,0.870±0.116,0.452±0.150,0.893±0.058,0.423±0.281,0.879±0.138
u-sleep EOG,NCHSDB,0.746±0.080,0.857±0.049,0.785±0.105,0.769±0.073,0.768±0.088,0.844±0.115,0.329±0.176,0.841±0.128,0.891±0.085,0.830±0.152
u-sleep EOG,DCSM,0.778±0.085,0.914±0.048,0.843±0.083,0.816±0.072,0.778±0.083,0.980±0.024,0.471±0.143,0.833±0.104,0.733±0.213,0.878±0.136
u-sleep EOG,SEDF-ST,0.712±0.068,0.803±0.049,0.711±0.072,0.747±0.076,0.753±0.054,0.748±0.131,0.410±0.123,0.846±0.057,0.688±0.240,0.869±0.078
u-sleep EOG,SEDF-SC,0.641±0.095,0.846±0.073,0.708±0.119,0.643±0.101,0.701±0.084,0.938±0.051,0.292±0.127,0.756±0.105,0.529±0.285,0.677±0.179
u-sleep EOG,PHYS,0.658±0.105,0.753±0.093,0.635±0.129,0.722±0.104,0.689±0.093,0.737±0.164,0.401±0.149,0.804±0.112,0.526±0.299,0.826±0.176
u-sleep EOG,DOD-H,0.749±0.161,0.824±0.130,0.742±0.180,0.759±0.170,0.775±0.141,0.785±0.171,0.513±0.186,0.829±0.180,0.750±0.231,0.868±0.201
u-sleep EOG,DOD-O,0.736±0.087,0.846±0.063,0.760±0.097,0.770±0.087,0.758±0.085,0.894±0.068,0.490±0.129,0.868±0.065,0.514±0.340,0.907±0.096
u-sleep EOG,BSWR,0.691±0.118,0.770±0.106,0.661±0.146,0.765±0.110,0.710±0.102,0.817±0.148,0.440±0.164,0.785±0.131,0.580±0.307,0.835±0.186
u-sleep EOG,Avg NSRR,0.752±0.042,0.854±0.033,0.779±0.050,0.779±0.038,0.768±0.036,0.901±0.055,0.447±0.081,0.851±0.024,0.667±0.165,0.878±0.021
u-sleep EOG,Avg OOD,0.709±0.049,0.822±0.054,0.723±0.068,0.746±0.054,0.738±0.037,0.843±0.095,0.431±0.074,0.817±0.038,0.617±0.103,0.837±0.076
u-sleep EOG,Avg Overall,0.739±0.046,0.844±0.040,0.761±0.059,0.769±0.043,0.759±0.037,0.883±0.070,0.442±0.074,0.841±0.031,0.652±0.143,0.866±0.045
deepresnet EEG/EOG,ABC,0.764±0.096,0.834±0.053,0.756±0.065,0.809±0.093,0.765±0.092,0.879±0.050,0.569±0.097,0.849±0.082,0.616±0.292,0.884±0.199
deepresnet EEG/EOG,CCSHS,0.856±0.050,0.918±0.039,0.884±0.054,0.863±0.052,0.862±0.045,0.969±0.019,0.600±0.142,0.910±0.050,0.875±0.089,0.925±0.045
deepresnet EEG/EOG,CFS,0.804±0.085,0.901±0.061,0.849±0.098,0.826±0.087,0.810±0.074,0.960±0.039,0.501±0.179,0.883±0.096,0.775±0.222,0.901±0.115
deepresnet EEG/EOG,CHAT,0.820±0.048,0.877±0.047,0.833±0.063,0.847±0.046,0.822±0.042,0.950±0.040,0.528±0.129,0.847±0.080,0.896±0.071,0.880±0.065
deepresnet EEG/EOG,HOMEPAP,0.726±0.138,0.803±0.130,0.715±0.182,0.771±0.131,0.748±0.114,0.885±0.119,0.382±0.157,0.785±0.165,0.731±0.275,0.875±0.191
deepresnet EEG/EOG,MESA,0.733±0.087,0.861±0.077,0.790±0.113,0.775±0.088,0.755±0.083,0.942±0.086,0.487±0.135,0.841±0.103,0.500±0.309,0.889±0.078
deepresnet EEG/EOG,MROS,0.736±0.084,0.889±0.042,0.822±0.068,0.763±0.088,0.755±0.080,0.951±0.036,0.403±0.148,0.870±0.060,0.579±0.278,0.870±0.144
deepresnet EEG/EOG,SHHS,0.763±0.091,0.871±0.067,0.810±0.098,0.785±0.094,0.782±0.081,0.930±0.073,0.421±0.203,0.864±0.079,0.709±0.232,0.896±0.085
deepresnet EEG/EOG,SOF,0.747±0.074,0.876±0.058,0.806±0.092,0.791±0.070,0.744±0.067,0.946±0.047,0.353±0.161,0.844±0.079,0.694±0.190,0.904±0.083
deepresnet EEG/EOG,APOE,0.709±0.102,0.805±0.086,0.702±0.125,0.747±0.101,0.759±0.084,0.866±0.082,0.416±0.165,0.838±0.102,0.542±0.312,0.858±0.146
deepresnet EEG/EOG,APPLES,0.731±0.091,0.821±0.091,0.733±0.118,0.770±0.090,0.759±0.078,0.905±0.056,0.476±0.153,0.832±0.144,0.391±0.297,0.875±0.144
deepresnet EEG/EOG,MNC-SSC,0.673±0.103,0.797±0.082,0.685±0.123,0.701±0.109,0.718±0.075,0.801±0.126,0.298±0.161,0.842±0.079,0.565±0.300,0.852±0.163
deepresnet EEG/EOG,MNC-DHC,0.797±0.063,0.905±0.045,0.845±0.073,0.824±0.047,0.795±0.075,0.973±0.023,0.470±0.150,0.842±0.072,0.814±0.105,0.883±0.065
deepresnet EEG/EOG,MNC-CNC,0.752±0.057,0.811±0.048,0.741±0.058,0.759±0.067,0.791±0.037,0.773±0.162,0.465±0.123,0.820±0.095,0.842±0.060,0.861±0.061
deepresnet EEG/EOG,MSP,0.768±0.077,0.873±0.029,0.797±0.055,0.790±0.091,0.780±0.075,0.912±0.066,0.488±0.111,0.880±0.056,0.655±0.262,0.878±0.122
deepresnet EEG/EOG,WSC,0.729±0.099,0.854±0.072,0.766±0.112,0.761±0.101,0.753±0.097,0.883±0.108,0.467±0.163,0.896±0.058,0.495±0.279,0.878±0.142
deepresnet EEG/EOG,NCHSDB,0.739±0.076,0.856±0.055,0.785±0.107,0.768±0.079,0.755±0.080,0.840±0.109,0.297±0.156,0.842±0.120,0.890±0.097,0.830±0.157
deepresnet EEG/EOG,DCSM,0.784±0.082,0.915±0.046,0.846±0.082,0.811±0.075,0.788±0.081,0.977±0.025,0.468±0.152,0.831±0.105,0.759±0.212,0.890±0.126
deepresnet EEG/EOG,SEDF-ST,0.754±0.071,0.831±0.050,0.753±0.072,0.778±0.079,0.793±0.053,0.790±0.110,0.483±0.145,0.863±0.057,0.743±0.228,0.893±0.076
deepresnet EEG/EOG,SEDF-SC,0.722±0.083,0.903±0.045,0.804±0.082,0.757±0.083,0.770±0.063,0.971±0.025,0.391±0.133,0.824±0.081,0.599±0.281,0.809±0.145
deepresnet EEG/EOG,PHYS,0.688±0.098,0.777±0.087,0.671±0.124,0.747±0.095,0.725±0.082,0.739±0.161,0.379±0.150,0.831±0.103,0.656±0.263,0.846±0.170
deepresnet EEG/EOG,DOD-H,0.801±0.081,0.880±0.041,0.818±0.071,0.836±0.090,0.811±0.073,0.867±0.144,0.517±0.155,0.890±0.041,0.825±0.158,0.902±0.140
deepresnet EEG/EOG,DOD-O,0.779±0.081,0.872±0.056,0.800±0.087,0.807±0.077,0.788±0.079,0.918±0.055,0.531±0.132,0.887±0.058,0.646±0.283,0.915±0.130
deepresnet EEG/EOG,BSWR,0.705±0.111,0.785±0.101,0.681±0.141,0.784±0.103,0.728±0.094,0.821±0.143,0.404±0.159,0.804±0.125,0.643±0.281,0.861±0.165
deepresnet EEG/EOG,Avg NSRR,0.756±0.044,0.856±0.038,0.783±0.056,0.785±0.039,0.774±0.034,0.904±0.059,0.448±0.085,0.852±0.030,0.681±0.155,0.879±0.022
deepresnet EEG/EOG,Avg OOD,0.748±0.043,0.852±0.055,0.768±0.068,0.789±0.031,0.772±0.033,0.869±0.091,0.453±0.062,0.847±0.033,0.696±0.081,0.874±0.037
deepresnet EEG/EOG,Avg Overall,0.753±0.041,0.855±0.041,0.779±0.056,0.786±0.035,0.773±0.032,0.893±0.067,0.450±0.074,0.851±0.029,0.685±0.130,0.877±0.025
deepresnet EEG,ABC,0.785±0.095,0.846±0.049,0.773±0.061,0.823±0.093,0.790±0.091,0.890±0.047,0.615±0.103,0.858±0.071,0.667±0.261,0.882±0.200
deepresnet EEG,CCSHS,0.857±0.051,0.920±0.038,0.887±0.052,0.862±0.055,0.866±0.047,0.969±0.023,0.599±0.148,0.914±0.049,0.877±0.090,0.926±0.044
deepresnet EEG,CFS,0.802±0.088,0.898±0.063,0.845±0.101,0.824±0.085,0.807±0.083,0.959±0.041,0.516±0.159,0.881±0.098,0.759±0.239,0.893±0.120
deepresnet EEG,CHAT,0.827±0.044,0.878±0.047,0.834±0.063,0.850±0.043,0.828±0.038,0.952±0.036,0.556±0.116,0.849±0.078,0.892±0.073,0.884±0.064
deepresnet EEG,HOMEPAP,0.754±0.085,0.829±0.082,0.748±0.133,0.794±0.090,0.767±0.069,0.904±0.079,0.421±0.144,0.817±0.109,0.756±0.240,0.902±0.078
deepresnet EEG,MESA,0.731±0.091,0.860±0.074,0.788±0.112,0.790±0.081,0.749±0.091,0.939±0.087,0.483±0.148,0.844±0.099,0.500±0.298,0.880±0.090
deepresnet EEG,MROS,0.738±0.085,0.888±0.046,0.821±0.074,0.760±0.089,0.756±0.081,0.953±0.039,0.422±0.153,0.870±0.063,0.581±0.275,0.855±0.167
deepresnet EEG,SHHS,0.762±0.095,0.868±0.068,0.805±0.101,0.784±0.096,0.780±0.086,0.928±0.076,0.443±0.208,0.863±0.080,0.699±0.232,0.883±0.119
deepresnet EEG,SOF,0.752±0.078,0.876±0.066,0.806±0.104,0.800±0.072,0.747±0.075,0.949±0.052,0.403±0.146,0.847±0.080,0.675±0.208,0.897±0.096
deepresnet EEG,APOE,0.701±0.105,0.797±0.093,0.690±0.134,0.746±0.100,0.752±0.084,0.865±0.083,0.396±0.172,0.830±0.110,0.555±0.311,0.838±0.155
deepresnet EEG,APPLES,0.720±0.098,0.810±0.101,0.719±0.129,0.765±0.097,0.748±0.080,0.908±0.052,0.451±0.156,0.822±0.148,0.382±0.312,0.862±0.155
deepresnet EEG,MNC-SSC,0.670±0.104,0.798±0.079,0.683±0.122,0.700±0.111,0.708±0.079,0.797±0.125,0.290±0.166,0.846±0.073,0.571±0.297,0.837±0.166
deepresnet EEG,MNC-DHC,0.799±0.066,0.905±0.045,0.846±0.071,0.819±0.051,0.803±0.077,0.975±0.019,0.490±0.151,0.839±0.088,0.814±0.097,0.878±0.065
deepresnet EEG,MNC-CNC,0.755±0.068,0.813±0.060,0.743±0.075,0.768±0.074,0.784±0.050,0.776±0.169,0.477±0.132,0.819±0.111,0.837±0.073,0.866±0.063
deepresnet EEG,MSP,0.778±0.071,0.877±0.038,0.804±0.061,0.808±0.089,0.787±0.078,0.927±0.059,0.513±0.087,0.887±0.048,0.665±0.265,0.880±0.121
deepresnet EEG,WSC,0.727±0.098,0.851±0.073,0.762±0.113,0.761±0.098,0.754±0.095,0.885±0.109,0.469±0.163,0.894±0.059,0.497±0.275,0.865±0.141
deepresnet EEG,NCHSDB,0.741±0.085,0.858±0.069,0.789±0.119,0.777±0.087,0.752±0.090,0.846±0.113,0.300±0.169,0.847±0.129,0.893±0.098,0.825±0.168
deepresnet EEG,DCSM,0.797±0.086,0.923±0.047,0.859±0.082,0.822±0.081,0.803±0.081,0.981±0.027,0.507±0.148,0.849±0.096,0.779±0.207,0.874±0.149
deepresnet EEG,SEDF-ST,0.764±0.075,0.835±0.055,0.758±0.079,0.804±0.081,0.794±0.054,0.814±0.106,0.508±0.160,0.863±0.063,0.746±0.235,0.891±0.086
deepresnet EEG,SEDF-SC,0.711±0.088,0.898±0.052,0.794±0.091,0.766±0.089,0.754±0.063,0.969±0.033,0.349±0.143,0.800±0.096,0.599±0.278,0.822±0.125
deepresnet EEG,PHYS,0.687±0.097,0.777±0.091,0.672±0.126,0.752±0.096,0.728±0.079,0.744±0.159,0.358±0.153,0.832±0.106,0.682±0.247,0.837±0.173
deepresnet EEG,DOD-H,0.806±0.068,0.886±0.034,0.825±0.058,0.857±0.055,0.798±0.073,0.875±0.099,0.536±0.161,0.905±0.036,0.813±0.192,0.901±0.084
deepresnet EEG,DOD-O,0.763±0.084,0.853±0.075,0.771±0.112,0.799±0.082,0.776±0.066,0.902±0.085,0.474±0.144,0.870±0.077,0.702±0.272,0.874±0.107
deepresnet EEG,BSWR,0.702±0.112,0.781±0.103,0.675±0.144,0.787±0.105,0.723±0.095,0.828±0.141,0.402±0.164,0.800±0.127,0.636±0.270,0.850±0.178
deepresnet EEG,Avg NSRR,0.759±0.046,0.857±0.037,0.785±0.056,0.790±0.040,0.775±0.037,0.907±0.058,0.461±0.089,0.855±0.027,0.684±0.153,0.874±0.026
deepresnet EEG,Avg OOD,0.747±0.047,0.850±0.057,0.765±0.071,0.798±0.035,0.768±0.033,0.873±0.086,0.448±0.077,0.846±0.038,0.708±0.077,0.864±0.029
deepresnet EEG,Avg Overall,0.755±0.044,0.855±0.041,0.779±0.057,0.793±0.036,0.773±0.034,0.897±0.065,0.457±0.081,0.852±0.029,0.691±0.129,0.871±0.025
deepresnet EOG,ABC,0.762±0.095,0.834±0.059,0.755±0.073,0.804±0.093,0.759±0.089,0.879±0.044,0.587±0.081,0.846±0.092,0.595±0.316,0.880±0.199
deepresnet EOG,CCSHS,0.841±0.048,0.909±0.037,0.872±0.051,0.849±0.049,0.851±0.048,0.967±0.020,0.562±0.133,0.899±0.051,0.865±0.093,0.914±0.052
deepresnet EOG,CFS,0.786±0.085,0.889±0.064,0.833±0.102,0.807±0.081,0.796±0.082,0.956±0.044,0.474±0.172,0.869±0.100,0.732±0.254,0.902±0.089
deepresnet EOG,CHAT,0.813±0.052,0.870±0.050,0.824±0.068,0.839±0.053,0.815±0.045,0.943±0.048,0.517±0.125,0.841±0.082,0.893±0.073,0.871±0.078
deepresnet EOG,HOMEPAP,0.720±0.135,0.797±0.129,0.704±0.177,0.759±0.144,0.732±0.113,0.881±0.115,0.405±0.155,0.788±0.159,0.656±0.290,0.877±0.178
deepresnet EOG,MESA,0.731±0.092,0.858±0.072,0.785±0.116,0.770±0.104,0.760±0.086,0.943±0.064,0.485±0.145,0.837±0.112,0.499±0.300,0.888±0.076
deepresnet EOG,MROS,0.724±0.090,0.882±0.044,0.812±0.069,0.744±0.090,0.748±0.086,0.950±0.036,0.396±0.149,0.861±0.060,0.532±0.302,0.869±0.145
deepresnet EOG,SHHS,0.739±0.093,0.853±0.079,0.783±0.118,0.764±0.084,0.761±0.081,0.913±0.100,0.397±0.180,0.846±0.090,0.656±0.255,0.892±0.085
deepresnet EOG,SOF,0.729±0.080,0.861±0.067,0.782±0.102,0.765±0.077,0.733±0.072,0.938±0.056,0.334±0.143,0.823±0.095,0.645±0.218,0.906±0.077
deepresnet EOG,APOE,0.713±0.106,0.814±0.080,0.713±0.120,0.738±0.107,0.748±0.095,0.858±0.079,0.449±0.169,0.852±0.090,0.510±0.334,0.860±0.136
deepresnet EOG,APPLES,0.718±0.090,0.820±0.078,0.729±0.106,0.750±0.087,0.740±0.089,0.896±0.059,0.476±0.144,0.833±0.141,0.295±0.297,0.869±0.141
deepresnet EOG,MNC-SSC,0.670±0.103,0.800±0.077,0.684±0.119,0.704±0.111,0.701±0.084,0.795±0.128,0.313±0.162,0.851±0.066,0.536±0.304,0.845±0.167
deepresnet EOG,MNC-DHC,0.793±0.070,0.902±0.051,0.839±0.084,0.822±0.048,0.790±0.082,0.969±0.033,0.468±0.133,0.838±0.079,0.803±0.126,0.886±0.070
deepresnet EOG,MNC-CNC,0.755±0.071,0.807±0.056,0.735±0.070,0.757±0.075,0.790±0.048,0.763±0.168,0.500±0.168,0.811±0.095,0.829±0.068,0.871±0.054
deepresnet EOG,MSP,0.749±0.083,0.857±0.034,0.775±0.057,0.769±0.095,0.763±0.080,0.904±0.073,0.459±0.156,0.869±0.060,0.625±0.269,0.863±0.122
deepresnet EOG,WSC,0.696±0.101,0.842±0.078,0.744±0.121,0.735±0.106,0.708±0.100,0.866±0.117,0.466±0.153,0.889±0.066,0.347±0.289,0.873±0.142
deepresnet EOG,NCHSDB,0.733±0.084,0.851±0.049,0.777±0.104,0.758±0.087,0.751±0.085,0.825±0.129,0.295±0.166,0.839±0.120,0.886±0.097,0.825±0.149
deepresnet EOG,DCSM,0.777±0.086,0.912±0.048,0.840±0.082,0.809±0.074,0.780±0.083,0.979±0.024,0.471±0.143,0.825±0.106,0.721±0.223,0.888±0.123
deepresnet EOG,SEDF-ST,0.698±0.070,0.794±0.056,0.697±0.074,0.730±0.077,0.738±0.066,0.737±0.132,0.405±0.131,0.835±0.069,0.643±0.272,0.868±0.075
deepresnet EOG,SEDF-SC,0.676±0.095,0.855±0.076,0.729±0.113,0.672±0.094,0.750±0.082,0.935±0.064,0.410±0.133,0.797±0.093,0.534±0.292,0.680±0.172
deepresnet EOG,PHYS,0.660±0.102,0.752±0.090,0.635±0.127,0.720±0.099,0.692±0.091,0.731±0.164,0.404±0.146,0.801±0.115,0.533±0.293,0.836±0.178
deepresnet EOG,DOD-H,0.791±0.081,0.874±0.050,0.812±0.080,0.814±0.093,0.811±0.069,0.824±0.148,0.496±0.172,0.892±0.052,0.833±0.155,0.914±0.088
deepresnet EOG,DOD-O,0.744±0.080,0.845±0.062,0.760±0.092,0.777±0.081,0.766±0.073,0.897±0.062,0.482±0.134,0.864±0.072,0.562±0.300,0.912±0.076
deepresnet EOG,BSWR,0.689±0.115,0.768±0.103,0.657±0.143,0.765±0.110,0.707±0.100,0.819±0.143,0.450±0.156,0.783±0.131,0.559±0.306,0.834±0.190
deepresnet EOG,Avg NSRR,0.745±0.043,0.850±0.035,0.773±0.052,0.773±0.039,0.762±0.038,0.897±0.061,0.446±0.081,0.847±0.027,0.641±0.179,0.876±0.022
deepresnet EOG,Avg OOD,0.719±0.051,0.829±0.059,0.733±0.076,0.755±0.051,0.749±0.041,0.846±0.095,0.445±0.039,0.828±0.039,0.626±0.114,0.847±0.081
deepresnet EOG,Avg Overall,0.737±0.044,0.843±0.041,0.761±0.059,0.767±0.041,0.758±0.037,0.881±0.072,0.446±0.068,0.841±0.030,0.637±0.154,0.867±0.045
sleeptransformer EEG/EOG,ABC,0.782±0.073,0.843±0.045,0.769±0.052,0.813±0.073,0.787±0.079,0.890±0.048,0.566±0.084,0.857±0.065,0.697±0.231,0.889±0.200
sleeptransformer EEG/EOG,CCSHS,0.862±0.049,0.922±0.032,0.890±0.045,0.864±0.051,0.873±0.046,0.971±0.019,0.619±0.144,0.913±0.045,0.872±0.097,0.932±0.040
sleeptransformer EEG/EOG,CFS,0.805±0.081,0.899±0.061,0.846±0.099,0.825±0.084,0.814±0.073,0.962±0.039,0.524±0.156,0.878±0.099,0.757±0.220,0.908±0.081
sleeptransformer EEG/EOG,CHAT,0.843±0.040,0.886±0.043,0.846±0.058,0.852±0.040,0.852±0.036,0.962±0.030,0.608±0.104,0.852±0.077,0.896±0.072,0.900±0.056
sleeptransformer EEG/EOG,HOMEPAP,0.747±0.087,0.827±0.084,0.742±0.132,0.792±0.081,0.758±0.075,0.906±0.075,0.448±0.155,0.819±0.101,0.675±0.279,0.896±0.129
sleeptransformer EEG/EOG,MESA,0.744±0.092,0.868±0.071,0.800±0.115,0.783±0.099,0.771±0.081,0.950±0.068,0.480±0.142,0.843±0.114,0.539±0.291,0.903±0.069
sleeptransformer EEG/EOG,MROS,0.751±0.080,0.894±0.039,0.832±0.062,0.770±0.079,0.776±0.079,0.956±0.037,0.451±0.161,0.874±0.055,0.593±0.263,0.874±0.150
sleeptransformer EEG/EOG,SHHS,0.775±0.099,0.871±0.070,0.810±0.114,0.781±0.095,0.812±0.082,0.931±0.085,0.468±0.208,0.858±0.093,0.734±0.221,0.894±0.106
sleeptransformer EEG/EOG,SOF,0.767±0.087,0.879±0.069,0.811±0.111,0.785±0.076,0.779±0.081,0.946±0.059,0.423±0.170,0.841±0.089,0.716±0.210,0.923±0.068
sleeptransformer EEG/EOG,APOE,0.715±0.095,0.818±0.079,0.721±0.114,0.743±0.098,0.751±0.082,0.848±0.103,0.420±0.153,0.856±0.090,0.563±0.319,0.861±0.123
sleeptransformer EEG/EOG,APPLES,0.732±0.096,0.830±0.072,0.744±0.100,0.758±0.095,0.757±0.091,0.908±0.055,0.513±0.154,0.840±0.135,0.317±0.321,0.860±0.162
sleeptransformer EEG/EOG,MNC-SSC,0.690±0.101,0.817±0.069,0.713±0.110,0.717±0.111,0.722±0.084,0.823±0.115,0.324±0.163,0.865±0.061,0.571±0.320,0.854±0.165
sleeptransformer EEG/EOG,MNC-DHC,0.809±0.056,0.914±0.040,0.860±0.063,0.842±0.051,0.802±0.062,0.977±0.014,0.489±0.147,0.856±0.078,0.831±0.093,0.890±0.058
sleeptransformer EEG/EOG,MNC-CNC,0.784±0.059,0.832±0.053,0.769±0.065,0.786±0.064,0.807±0.046,0.797±0.157,0.562±0.111,0.828±0.094,0.852±0.064,0.880±0.050
sleeptransformer EEG/EOG,MSP,0.766±0.076,0.870±0.038,0.794±0.062,0.780±0.087,0.780±0.075,0.924±0.058,0.486±0.095,0.878±0.058,0.630±0.266,0.884±0.084
sleeptransformer EEG/EOG,WSC,0.740±0.099,0.861±0.072,0.777±0.111,0.768±0.101,0.762±0.096,0.892±0.107,0.527±0.149,0.902±0.057,0.461±0.289,0.887±0.129
sleeptransformer EEG/EOG,NCHSDB,0.746±0.083,0.864±0.047,0.795±0.103,0.767±0.089,0.764±0.086,0.851±0.137,0.311±0.168,0.844±0.126,0.889±0.085,0.841±0.155
sleeptransformer EEG/EOG,DCSM,0.794±0.081,0.926±0.044,0.865±0.078,0.829±0.081,0.794±0.071,0.982±0.023,0.447±0.148,0.857±0.095,0.802±0.188,0.888±0.147
sleeptransformer EEG/EOG,SEDF-ST,0.734±0.080,0.822±0.052,0.736±0.080,0.791±0.087,0.768±0.062,0.785±0.114,0.425±0.147,0.857±0.054,0.717±0.246,0.886±0.088
sleeptransformer EEG/EOG,SEDF-SC,0.716±0.087,0.908±0.040,0.809±0.077,0.771±0.082,0.758±0.066,0.982±0.012,0.358±0.137,0.794±0.101,0.551±0.296,0.874±0.106
sleeptransformer EEG/EOG,PHYS,0.687±0.099,0.774±0.087,0.667±0.125,0.737±0.097,0.724±0.085,0.747±0.161,0.387±0.153,0.825±0.107,0.641±0.269,0.845±0.170
sleeptransformer EEG/EOG,DOD-H,0.817±0.061,0.890±0.036,0.836±0.052,0.848±0.050,0.823±0.065,0.873±0.085,0.543±0.164,0.906±0.047,0.822±0.166,0.940±0.048
sleeptransformer EEG/EOG,DOD-O,0.666±0.125,0.758±0.116,0.650±0.148,0.713±0.097,0.728±0.100,0.692±0.201,0.421±0.134,0.829±0.094,0.648±0.302,0.751±0.209
sleeptransformer EEG/EOG,BSWR,0.709±0.115,0.788±0.106,0.690±0.147,0.775±0.108,0.743±0.095,0.825±0.144,0.373±0.175,0.804±0.128,0.690±0.278,0.861±0.166
sleeptransformer EEG/EOG,Avg NSRR,0.768±0.044,0.864±0.033,0.795±0.050,0.790±0.039,0.786±0.037,0.911±0.055,0.483±0.085,0.859±0.024,0.682±0.163,0.887±0.024
sleeptransformer EEG/EOG,Avg OOD,0.732±0.055,0.838±0.069,0.750±0.086,0.781±0.048,0.763±0.036,0.841±0.112,0.422±0.062,0.839±0.038,0.696±0.095,0.864±0.058
sleeptransformer EEG/EOG,Avg Overall,0.757±0.047,0.856±0.045,0.781±0.062,0.787±0.039,0.779±0.037,0.890±0.078,0.465±0.080,0.853±0.029,0.686±0.139,0.880±0.036
sleeptransformer EEG,ABC,0.789±0.065,0.846±0.046,0.772±0.054,0.839±0.035,0.787±0.076,0.893±0.049,0.594±0.097,0.858±0.067,0.682±0.246,0.904±0.119
sleeptransformer EEG,CCSHS,0.861±0.049,0.919±0.036,0.886±0.050,0.866±0.050,0.871±0.045,0.971±0.019,0.623±0.143,0.911±0.049,0.875±0.089,0.925±0.045
sleeptransformer EEG,CFS,0.803±0.081,0.897±0.061,0.843±0.100,0.828±0.081,0.809±0.078,0.958±0.041,0.532±0.153,0.878±0.094,0.749±0.227,0.902±0.091
sleeptransformer EEG,CHAT,0.838±0.042,0.883±0.044,0.841±0.059,0.851±0.041,0.843±0.038,0.961±0.029,0.594±0.108,0.850±0.074,0.892±0.071,0.895±0.059
sleeptransformer EEG,HOMEPAP,0.744±0.085,0.820±0.084,0.734±0.136,0.788±0.089,0.759±0.070,0.905±0.081,0.412±0.136,0.806±0.117,0.757±0.241,0.869±0.130
sleeptransformer EEG,MESA,0.744±0.076,0.872±0.055,0.806±0.084,0.787±0.075,0.763±0.076,0.953±0.052,0.488±0.139,0.857±0.076,0.532±0.290,0.885±0.088
sleeptransformer EEG,MROS,0.743±0.083,0.890±0.042,0.825±0.069,0.769±0.085,0.762±0.083,0.954±0.039,0.448±0.160,0.870±0.064,0.570±0.278,0.864±0.150
sleeptransformer EEG,SHHS,0.764±0.092,0.875±0.060,0.815±0.092,0.793±0.094,0.779±0.080,0.931±0.078,0.417±0.209,0.866±0.073,0.726±0.226,0.884±0.120
sleeptransformer EEG,SOF,0.762±0.074,0.883±0.058,0.816±0.089,0.793±0.071,0.763±0.073,0.951±0.044,0.420±0.165,0.850±0.077,0.687±0.217,0.907±0.079
sleeptransformer EEG,APOE,0.703±0.100,0.801±0.089,0.695±0.133,0.745±0.101,0.750±0.076,0.869±0.081,0.391±0.156,0.834±0.100,0.559±0.318,0.838±0.162
sleeptransformer EEG,APPLES,0.728±0.093,0.827±0.082,0.740±0.107,0.763±0.094,0.752±0.083,0.910±0.052,0.496±0.152,0.841±0.132,0.310±0.305,0.860±0.151
sleeptransformer EEG,MNC-SSC,0.670±0.103,0.797±0.081,0.685±0.122,0.699±0.111,0.710±0.080,0.809±0.120,0.278±0.154,0.842±0.080,0.571±0.297,0.840±0.168
sleeptransformer EEG,MNC-DHC,0.803±0.057,0.908±0.043,0.851±0.069,0.826±0.051,0.802±0.062,0.977±0.017,0.488±0.134,0.847±0.085,0.826±0.085,0.876±0.070
sleeptransformer EEG,MNC-CNC,0.772±0.066,0.822±0.065,0.754±0.083,0.782±0.078,0.793±0.056,0.815±0.147,0.537±0.105,0.813±0.112,0.844±0.084,0.852±0.065
sleeptransformer EEG,MSP,0.759±0.069,0.870±0.033,0.795±0.052,0.791±0.091,0.772±0.077,0.927±0.066,0.501±0.076,0.879±0.049,0.573±0.278,0.889±0.098
sleeptransformer EEG,WSC,0.727±0.095,0.840±0.073,0.748±0.114,0.756±0.095,0.769±0.084,0.895±0.100,0.461±0.152,0.879±0.061,0.510±0.272,0.867±0.135
sleeptransformer EEG,NCHSDB,0.742±0.084,0.864±0.050,0.795±0.108,0.774±0.083,0.757±0.090,0.842±0.127,0.299±0.179,0.847±0.132,0.890±0.098,0.840±0.138
sleeptransformer EEG,DCSM,0.793±0.087,0.925±0.044,0.863±0.078,0.827±0.085,0.795±0.076,0.982±0.022,0.474±0.153,0.855±0.093,0.789±0.200,0.874±0.158
sleeptransformer EEG,SEDF-ST,0.751±0.070,0.831±0.052,0.750±0.073,0.801±0.077,0.777±0.059,0.799±0.110,0.483±0.149,0.865±0.060,0.723±0.224,0.885±0.087
sleeptransformer EEG,SEDF-SC,0.706±0.092,0.906±0.047,0.803±0.102,0.775±0.082,0.742±0.076,0.978±0.025,0.327±0.135,0.800±0.119,0.570±0.280,0.840±0.124
sleeptransformer EEG,PHYS,0.674±0.102,0.766±0.099,0.658±0.137,0.738±0.101,0.729±0.079,0.729±0.163,0.307±0.150,0.819±0.116,0.702±0.244,0.833±0.178
sleeptransformer EEG,DOD-H,0.765±0.080,0.833±0.073,0.749±0.110,0.813±0.059,0.775±0.085,0.862±0.100,0.475±0.171,0.849±0.084,0.810±0.167,0.831±0.139
sleeptransformer EEG,DOD-O,0.557±0.126,0.655±0.118,0.473±0.171,0.630±0.107,0.608±0.126,0.718±0.193,0.397±0.171,0.710±0.121,0.621±0.257,0.339±0.284
sleeptransformer EEG,BSWR,0.697±0.120,0.782±0.109,0.679±0.150,0.769±0.115,0.729±0.099,0.820±0.148,0.366±0.175,0.800±0.131,0.658±0.308,0.846±0.183
sleeptransformer EEG,Avg NSRR,0.762±0.047,0.860±0.037,0.788±0.056,0.791±0.042,0.779±0.037,0.913±0.053,0.469±0.096,0.855±0.025,0.680±0.163,0.876±0.026
sleeptransformer EEG,Avg OOD,0.706±0.078,0.814±0.091,0.711±0.126,0.765±0.066,0.736±0.062,0.841±0.107,0.404±0.074,0.814±0.053,0.696±0.087,0.778±0.195
sleeptransformer EEG,Avg Overall,0.745±0.060,0.846±0.058,0.764±0.085,0.783±0.048,0.766±0.047,0.891±0.076,0.449±0.090,0.842±0.038,0.685±0.138,0.846±0.108
sleeptransformer EOG,ABC,0.772±0.090,0.831±0.053,0.754±0.066,0.787±0.093,0.784±0.089,0.882±0.043,0.609±0.080,0.827±0.118,0.646±0.277,0.881±0.199
sleeptransformer EOG,CCSHS,0.840±0.052,0.905±0.040,0.867±0.055,0.834±0.051,0.865±0.053,0.967±0.022,0.572±0.142,0.892±0.055,0.853±0.115,0.913±0.058
sleeptransformer EOG,CFS,0.787±0.085,0.883±0.066,0.825±0.106,0.797±0.083,0.811±0.079,0.956±0.043,0.483±0.166,0.856±0.106,0.747±0.239,0.897±0.093
sleeptransformer EOG,CHAT,0.840±0.041,0.880±0.043,0.838±0.058,0.841±0.041,0.854±0.036,0.957±0.035,0.614±0.096,0.842±0.079,0.891±0.073,0.895±0.054
sleeptransformer EOG,HOMEPAP,0.758±0.086,0.828±0.072,0.741±0.122,0.789±0.073,0.773±0.078,0.904±0.068,0.482±0.156,0.819±0.100,0.695±0.258,0.908±0.076
sleeptransformer EOG,MESA,0.737±0.095,0.855±0.082,0.784±0.119,0.763±0.099,0.774±0.094,0.945±0.074,0.504±0.139,0.829±0.110,0.512±0.296,0.891±0.089
sleeptransformer EOG,MROS,0.727±0.089,0.880±0.044,0.810±0.070,0.742±0.092,0.757±0.085,0.951±0.039,0.426±0.157,0.856±0.062,0.514±0.298,0.874±0.144
sleeptransformer EOG,SHHS,0.753±0.094,0.859±0.071,0.792±0.113,0.763±0.090,0.788±0.080,0.918±0.087,0.412±0.190,0.846±0.092,0.709±0.232,0.888±0.097
sleeptransformer EOG,SOF,0.735±0.080,0.860±0.073,0.782±0.112,0.764±0.071,0.747±0.076,0.937±0.061,0.358±0.164,0.818±0.095,0.661±0.231,0.909±0.069
sleeptransformer EOG,APOE,0.727±0.099,0.821±0.075,0.727±0.113,0.749±0.100,0.763±0.086,0.858±0.081,0.469±0.165,0.856±0.090,0.560±0.336,0.866±0.126
sleeptransformer EOG,APPLES,0.724±0.101,0.827±0.071,0.739±0.096,0.740±0.104,0.751±0.098,0.901±0.057,0.517±0.156,0.833±0.140,0.247±0.305,0.866±0.154
sleeptransformer EOG,MNC-SSC,0.686±0.108,0.810±0.074,0.704±0.118,0.705±0.115,0.718±0.092,0.795±0.132,0.331±0.171,0.860±0.062,0.591±0.313,0.846±0.167
sleeptransformer EOG,MNC-DHC,0.796±0.050,0.901±0.040,0.840±0.065,0.814±0.041,0.802±0.060,0.976±0.014,0.504±0.123,0.815±0.119,0.799±0.096,0.888±0.049
sleeptransformer EOG,MNC-CNC,0.770±0.066,0.819±0.059,0.753±0.072,0.768±0.073,0.797±0.051,0.807±0.145,0.519±0.134,0.814±0.118,0.846±0.064,0.865±0.069
sleeptransformer EOG,MSP,0.750±0.090,0.848±0.060,0.766±0.089,0.747±0.100,0.787±0.085,0.908±0.076,0.465±0.133,0.853±0.063,0.635±0.272,0.861±0.163
sleeptransformer EOG,WSC,0.720±0.097,0.843±0.072,0.751±0.112,0.739±0.098,0.746±0.094,0.876±0.110,0.496±0.139,0.884±0.067,0.433±0.282,0.881±0.137
sleeptransformer EOG,NCHSDB,0.743±0.085,0.850±0.052,0.780±0.107,0.753±0.083,0.778±0.092,0.838±0.137,0.330±0.167,0.835±0.128,0.886±0.072,0.834±0.146
sleeptransformer EOG,DCSM,0.785±0.085,0.916±0.051,0.848±0.088,0.806±0.080,0.795±0.079,0.979±0.029,0.454±0.147,0.830±0.107,0.787±0.185,0.882±0.147
sleeptransformer EOG,SEDF-ST,0.711±0.079,0.811±0.051,0.720±0.072,0.745±0.087,0.746±0.071,0.749±0.124,0.417±0.150,0.852±0.061,0.646±0.265,0.888±0.071
sleeptransformer EOG,SEDF-SC,0.670±0.102,0.892±0.057,0.778±0.103,0.720±0.104,0.700±0.085,0.975±0.026,0.331±0.147,0.773±0.126,0.404±0.287,0.832±0.130
sleeptransformer EOG,PHYS,0.663±0.102,0.745±0.090,0.629±0.127,0.707±0.099,0.701±0.088,0.733±0.165,0.408±0.148,0.790±0.111,0.563±0.276,0.828±0.179
sleeptransformer EOG,DOD-H,0.796±0.160,0.862±0.131,0.798±0.177,0.803±0.125,0.827±0.142,0.844±0.122,0.567±0.190,0.865±0.184,0.803±0.233,0.899±0.192
sleeptransformer EOG,DOD-O,0.592±0.113,0.751±0.078,0.608±0.117,0.673±0.116,0.611±0.108,0.721±0.132,0.227±0.144,0.812±0.080,0.524±0.323,0.674±0.244
sleeptransformer EOG,BSWR,0.699±0.119,0.774±0.109,0.670±0.151,0.756±0.110,0.731±0.100,0.817±0.148,0.397±0.177,0.784±0.134,0.660±0.279,0.845±0.186
sleeptransformer EOG,Avg NSRR,0.757±0.041,0.853±0.029,0.780±0.045,0.770±0.036,0.782±0.037,0.904±0.055,0.476±0.085,0.843±0.023,0.660±0.175,0.880±0.022
sleeptransformer EOG,Avg OOD,0.702±0.071,0.822±0.069,0.722±0.090,0.744±0.049,0.730±0.070,0.831±0.109,0.400±0.105,0.815±0.035,0.627±0.143,0.835±0.077
sleeptransformer EOG,Avg Overall,0.740±0.054,0.843±0.044,0.762±0.063,0.762±0.039,0.766±0.052,0.882±0.077,0.453±0.092,0.835±0.028,0.650±0.157,0.866±0.046
SUV EEG/EOG,ABC,0.785±0.088,0.850±0.046,0.778±0.055,0.822±0.091,0.784±0.089,0.890±0.048,0.596±0.085,0.864±0.067,0.667±0.277,0.893±0.200
SUV EEG/EOG,CCSHS,0.871±0.047,0.925±0.035,0.895±0.049,0.877±0.049,0.879±0.043,0.972±0.017,0.650±0.139,0.918±0.047,0.880±0.091,0.936±0.037
SUV EEG/EOG,CFS,0.818±0.079,0.907±0.059,0.858±0.097,0.841±0.078,0.822±0.070,0.964±0.038,0.539±0.157,0.889±0.096,0.787±0.207,0.913±0.089
SUV EEG/EOG,CHAT,0.838±0.045,0.887±0.045,0.847±0.061,0.862±0.043,0.839±0.039,0.960±0.031,0.572±0.122,0.857±0.076,0.899±0.071,0.901±0.057
SUV EEG/EOG,HOMEPAP,0.745±0.102,0.826±0.089,0.742±0.141,0.791±0.087,0.761±0.088,0.899±0.087,0.413±0.156,0.822±0.095,0.730±0.271,0.883±0.167
SUV EEG/EOG,MESA,0.749±0.088,0.871±0.072,0.805±0.113,0.790±0.087,0.773±0.081,0.949±0.073,0.503±0.138,0.850±0.105,0.539±0.300,0.903±0.072
SUV EEG/EOG,MROS,0.755±0.083,0.898±0.039,0.836±0.063,0.775±0.085,0.776±0.080,0.957±0.035,0.452±0.156,0.879±0.059,0.597±0.275,0.881±0.143
SUV EEG/EOG,SHHS,0.779±0.089,0.879±0.064,0.822±0.094,0.794±0.091,0.806±0.074,0.936±0.072,0.464±0.205,0.871±0.078,0.729±0.220,0.903±0.088
SUV EEG/EOG,SOF,0.773±0.072,0.887±0.057,0.822±0.092,0.803±0.064,0.773±0.071,0.950±0.047,0.414±0.156,0.855±0.078,0.724±0.194,0.928±0.067
SUV EEG/EOG,APOE,0.724±0.102,0.822±0.082,0.726±0.122,0.760±0.105,0.765±0.085,0.872±0.082,0.437±0.168,0.854±0.099,0.560±0.323,0.869±0.131
SUV EEG/EOG,APPLES,0.743±0.089,0.834±0.079,0.750±0.107,0.774±0.089,0.764±0.086,0.912±0.052,0.510±0.151,0.844±0.135,0.387±0.327,0.873±0.151
SUV EEG/EOG,MNC-SSC,0.686±0.106,0.814±0.076,0.708±0.119,0.714±0.114,0.719±0.085,0.809±0.125,0.314±0.173,0.861±0.068,0.580±0.307,0.857±0.166
SUV EEG/EOG,MNC-DHC,0.814±0.062,0.916±0.040,0.863±0.064,0.843±0.050,0.811±0.071,0.978±0.015,0.506±0.158,0.858±0.077,0.829±0.100,0.899±0.053
SUV EEG/EOG,MNC-CNC,0.780±0.062,0.836±0.050,0.775±0.061,0.789±0.067,0.809±0.048,0.796±0.161,0.521±0.130,0.836±0.101,0.860±0.064,0.887±0.043
SUV EEG/EOG,MSP,0.784±0.074,0.881±0.032,0.809±0.057,0.801±0.085,0.797±0.076,0.923±0.057,0.514±0.104,0.889±0.055,0.675±0.268,0.895±0.108
SUV EEG/EOG,WSC,0.740±0.099,0.865±0.071,0.783±0.110,0.779±0.099,0.757±0.100,0.894±0.107,0.515±0.163,0.906±0.057,0.470±0.293,0.887±0.138
SUV EEG/EOG,NCHSDB,0.756±0.071,0.872±0.043,0.805±0.092,0.786±0.074,0.771±0.078,0.860±0.104,0.329±0.165,0.852±0.127,0.895±0.094,0.848±0.153
SUV EEG/EOG,DCSM,0.803±0.080,0.928±0.043,0.868±0.076,0.835±0.074,0.801±0.075,0.983±0.023,0.488±0.149,0.859±0.094,0.793±0.194,0.897±0.139
SUV EEG/EOG,SEDF-ST,0.753±0.077,0.835±0.051,0.757±0.075,0.796±0.093,0.787±0.056,0.790±0.113,0.466±0.152,0.868±0.056,0.739±0.241,0.900±0.082
SUV EEG/EOG,SEDF-SC,0.738±0.085,0.918±0.036,0.830±0.070,0.790±0.080,0.774±0.063,0.983±0.012,0.387±0.140,0.827±0.084,0.597±0.292,0.876±0.112
SUV EEG/EOG,PHYS,0.694±0.097,0.782±0.086,0.677±0.122,0.753±0.096,0.730±0.082,0.745±0.160,0.395±0.154,0.834±0.103,0.650±0.269,0.857±0.164
SUV EEG/EOG,DOD-H,0.827±0.074,0.898±0.039,0.847±0.062,0.855±0.085,0.836±0.064,0.881±0.133,0.557±0.175,0.906±0.043,0.843±0.160,0.943±0.053
SUV EEG/EOG,DOD-O,0.789±0.082,0.873±0.062,0.804±0.094,0.804±0.078,0.814±0.079,0.922±0.055,0.537±0.131,0.886±0.063,0.687±0.279,0.919±0.126
SUV EEG/EOG,BSWR,0.717±0.111,0.795±0.101,0.697±0.141,0.792±0.102,0.742±0.093,0.830±0.141,0.405±0.168,0.812±0.123,0.675±0.279,0.872±0.162
SUV EEG/EOG,Avg NSRR,0.773±0.045,0.869±0.034,0.801±0.051,0.800±0.040,0.789±0.037,0.913±0.055,0.485±0.087,0.865±0.025,0.695±0.155,0.892±0.023
SUV EEG/EOG,Avg OOD,0.760±0.048,0.861±0.058,0.783±0.074,0.804±0.033,0.783±0.038,0.876±0.093,0.462±0.069,0.856±0.034,0.712±0.085,0.895±0.030
SUV EEG/EOG,Avg Overall,0.769±0.043,0.867±0.040,0.796±0.056,0.801±0.036,0.787±0.035,0.902±0.065,0.478±0.078,0.862±0.026,0.700±0.131,0.893±0.023
SUV EEG,ABC,0.785±0.092,0.852±0.047,0.780±0.056,0.832±0.091,0.783±0.092,0.895±0.048,0.602±0.094,0.866±0.066,0.651±0.300,0.892±0.201
SUV EEG,CCSHS,0.870±0.050,0.925±0.038,0.895±0.053,0.875±0.052,0.879±0.047,0.972±0.019,0.645±0.145,0.918±0.050,0.881±0.092,0.934±0.041
SUV EEG,CFS,0.812±0.082,0.904±0.060,0.853±0.098,0.841±0.078,0.814±0.078,0.963±0.039,0.545±0.164,0.886±0.096,0.760±0.222,0.906±0.094
SUV EEG,CHAT,0.838±0.042,0.885±0.045,0.844±0.061,0.860±0.041,0.839±0.036,0.958±0.032,0.584±0.114,0.856±0.078,0.893±0.072,0.898±0.059
SUV EEG,HOMEPAP,0.758±0.079,0.833±0.083,0.752±0.133,0.798±0.089,0.770±0.061,0.907±0.082,0.410±0.141,0.821±0.104,0.784±0.217,0.900±0.116
SUV EEG,MESA,0.741±0.084,0.871±0.066,0.803±0.098,0.798±0.080,0.757±0.086,0.947±0.074,0.486±0.152,0.857±0.087,0.517±0.291,0.894±0.080
SUV EEG,MROS,0.749±0.084,0.896±0.041,0.834±0.065,0.771±0.087,0.766±0.081,0.957±0.037,0.456±0.167,0.878±0.057,0.575±0.285,0.868±0.155
SUV EEG,SHHS,0.773±0.092,0.878±0.064,0.819±0.094,0.801±0.094,0.787±0.082,0.935±0.070,0.449±0.216,0.872±0.076,0.720±0.219,0.893±0.116
SUV EEG,SOF,0.769±0.074,0.885±0.060,0.819±0.094,0.811±0.063,0.764±0.069,0.953±0.045,0.441±0.160,0.854±0.081,0.687±0.202,0.913±0.085
SUV EEG,APOE,0.707±0.104,0.803±0.092,0.699±0.135,0.753±0.102,0.760±0.081,0.873±0.081,0.394±0.169,0.834±0.108,0.569±0.313,0.846±0.155
SUV EEG,APPLES,0.729±0.094,0.822±0.090,0.733±0.118,0.771±0.096,0.752±0.082,0.912±0.050,0.471±0.159,0.833±0.140,0.384±0.322,0.864±0.158
SUV EEG,MNC-SSC,0.674±0.106,0.803±0.082,0.692±0.125,0.703±0.114,0.714±0.080,0.801±0.128,0.290±0.171,0.849±0.075,0.581±0.305,0.842±0.170
SUV EEG,MNC-DHC,0.806±0.063,0.910±0.043,0.854±0.068,0.831±0.052,0.804±0.069,0.978±0.015,0.507±0.144,0.845±0.089,0.814±0.095,0.887±0.057
SUV EEG,MNC-CNC,0.774±0.066,0.828±0.061,0.763±0.076,0.787±0.072,0.800±0.050,0.798±0.165,0.517±0.111,0.825±0.110,0.850±0.076,0.878±0.057
SUV EEG,MSP,0.776±0.072,0.877±0.037,0.804±0.061,0.808±0.092,0.786±0.078,0.930±0.060,0.512±0.102,0.886±0.051,0.648±0.262,0.882±0.119
SUV EEG,WSC,0.735±0.096,0.854±0.072,0.767±0.112,0.769±0.101,0.768±0.089,0.896±0.103,0.468±0.168,0.894±0.058,0.522±0.272,0.873±0.136
SUV EEG,NCHSDB,0.753±0.077,0.873±0.043,0.807±0.103,0.787±0.080,0.765±0.084,0.859±0.105,0.310±0.167,0.858±0.126,0.897±0.097,0.845±0.153
SUV EEG,DCSM,0.801±0.085,0.927±0.043,0.868±0.076,0.836±0.082,0.799±0.076,0.984±0.022,0.499±0.154,0.858±0.097,0.782±0.206,0.886±0.151
SUV EEG,SEDF-ST,0.767±0.076,0.842±0.054,0.767±0.077,0.817±0.080,0.791±0.058,0.813±0.108,0.508±0.161,0.872±0.061,0.744±0.233,0.897±0.085
SUV EEG,SEDF-SC,0.726±0.086,0.915±0.042,0.823±0.079,0.793±0.083,0.764±0.058,0.981±0.019,0.343±0.140,0.822±0.089,0.606±0.284,0.862±0.100
SUV EEG,PHYS,0.690±0.100,0.779±0.094,0.676±0.131,0.755±0.098,0.738±0.078,0.742±0.161,0.337±0.156,0.834±0.110,0.711±0.243,0.843±0.172
SUV EEG,DOD-H,0.822±0.066,0.895±0.040,0.840±0.067,0.864±0.064,0.820±0.068,0.884±0.091,0.531±0.168,0.909±0.045,0.862±0.167,0.923±0.063
SUV EEG,DOD-O,0.771±0.094,0.852±0.085,0.772±0.125,0.803±0.095,0.792±0.079,0.902±0.094,0.494±0.165,0.864±0.087,0.725±0.280,0.878±0.097
SUV EEG,BSWR,0.707±0.114,0.788±0.103,0.687±0.143,0.790±0.107,0.732±0.094,0.830±0.141,0.384±0.171,0.807±0.126,0.664±0.279,0.857±0.177
SUV EEG,Avg NSRR,0.768±0.047,0.865±0.037,0.795±0.056,0.800±0.042,0.783±0.037,0.914±0.055,0.476±0.094,0.861±0.026,0.690±0.152,0.883±0.025
SUV EEG,Avg OOD,0.755±0.049,0.857±0.059,0.776±0.074,0.808±0.035,0.777±0.033,0.877±0.089,0.442±0.084,0.852±0.034,0.728±0.082,0.878±0.027
SUV EEG,Avg Overall,0.764±0.045,0.862±0.041,0.789±0.058,0.802±0.038,0.781±0.034,0.902±0.064,0.465±0.087,0.858±0.027,0.702±0.129,0.882±0.024
SUV EOG,ABC,0.783±0.091,0.847±0.053,0.775±0.066,0.815±0.092,0.783±0.090,0.892±0.042,0.611±0.082,0.854±0.096,0.650±0.298,0.890±0.200
SUV EOG,CCSHS,0.854±0.050,0.915±0.036,0.881±0.050,0.856±0.049,0.869±0.050,0.970±0.019,0.602±0.141,0.906±0.051,0.869±0.100,0.924±0.048
SUV EOG,CFS,0.801±0.081,0.896±0.062,0.842±0.099,0.818±0.082,0.813±0.075,0.960±0.039,0.506±0.162,0.874±0.099,0.760±0.239,0.908±0.087
SUV EOG,CHAT,0.839±0.044,0.885±0.046,0.844±0.062,0.856±0.043,0.843±0.040,0.957±0.036,0.591±0.108,0.852±0.081,0.897±0.073,0.898±0.060
SUV EOG,HOMEPAP,0.751±0.095,0.826±0.083,0.740±0.134,0.789±0.088,0.760±0.084,0.903±0.075,0.433±0.161,0.825±0.087,0.708±0.257,0.899±0.122
SUV EOG,MESA,0.741±0.094,0.864±0.075,0.794±0.119,0.780±0.101,0.770±0.088,0.947±0.065,0.498±0.149,0.841±0.113,0.515±0.305,0.900±0.077
SUV EOG,MROS,0.735±0.088,0.889±0.042,0.823±0.066,0.756±0.090,0.760±0.084,0.955±0.036,0.433±0.158,0.868±0.059,0.534±0.302,0.876±0.149
SUV EOG,SHHS,0.759±0.091,0.866±0.072,0.803±0.111,0.777±0.091,0.781±0.081,0.924±0.088,0.424±0.194,0.858±0.084,0.697±0.236,0.898±0.088
SUV EOG,SOF,0.749±0.074,0.874±0.065,0.803±0.099,0.788±0.072,0.750±0.069,0.944±0.052,0.363±0.147,0.839±0.090,0.680±0.213,0.925±0.065
SUV EOG,APOE,0.734±0.102,0.829±0.077,0.736±0.117,0.764±0.101,0.770±0.088,0.872±0.075,0.471±0.174,0.863±0.090,0.567±0.327,0.872±0.131
SUV EOG,APPLES,0.731±0.097,0.834±0.074,0.749±0.101,0.759±0.094,0.755±0.096,0.905±0.055,0.508±0.151,0.846±0.133,0.289±0.319,0.873±0.147
SUV EOG,MNC-SSC,0.691±0.106,0.818±0.071,0.713±0.115,0.716±0.113,0.722±0.087,0.804±0.127,0.324±0.174,0.866±0.059,0.597±0.312,0.858±0.166
SUV EOG,MNC-DHC,0.811±0.059,0.909±0.043,0.853±0.067,0.832±0.050,0.810±0.071,0.974±0.023,0.512±0.149,0.845±0.078,0.819±0.088,0.904±0.054
SUV EOG,MNC-CNC,0.780±0.066,0.829±0.055,0.766±0.069,0.782±0.067,0.806±0.049,0.801±0.147,0.530±0.144,0.831±0.102,0.857±0.067,0.880±0.057
SUV EOG,MSP,0.774±0.092,0.871±0.043,0.795±0.075,0.779±0.099,0.797±0.087,0.915±0.060,0.493±0.144,0.880±0.056,0.680±0.276,0.877±0.143
SUV EOG,WSC,0.720±0.098,0.854±0.071,0.765±0.112,0.759±0.100,0.735±0.099,0.881±0.110,0.488±0.150,0.898±0.057,0.415±0.292,0.885±0.138
SUV EOG,NCHSDB,0.754±0.080,0.866±0.042,0.798±0.098,0.772±0.083,0.779±0.084,0.850±0.122,0.336±0.170,0.850±0.125,0.896±0.076,0.847±0.142
SUV EOG,DCSM,0.794±0.084,0.921±0.047,0.856±0.082,0.825±0.073,0.796±0.081,0.981±0.026,0.487±0.149,0.844±0.105,0.769±0.200,0.892±0.139
SUV EOG,SEDF-ST,0.722±0.073,0.817±0.047,0.729±0.067,0.760±0.085,0.757±0.064,0.758±0.130,0.436±0.150,0.855±0.055,0.664±0.266,0.894±0.072
SUV EOG,SEDF-SC,0.712±0.093,0.901±0.053,0.802±0.092,0.741±0.093,0.749±0.078,0.974±0.027,0.379±0.136,0.811±0.100,0.547±0.284,0.827±0.133
SUV EOG,PHYS,0.673±0.103,0.764±0.089,0.652±0.124,0.731±0.102,0.705±0.090,0.740±0.164,0.412±0.152,0.815±0.108,0.562±0.293,0.846±0.173
SUV EOG,DOD-H,0.810±0.087,0.881±0.063,0.824±0.090,0.819±0.087,0.829±0.082,0.838±0.140,0.554±0.203,0.894±0.066,0.835±0.157,0.927±0.061
SUV EOG,DOD-O,0.744±0.086,0.855±0.059,0.773±0.089,0.786±0.085,0.758±0.080,0.896±0.062,0.484±0.141,0.874±0.064,0.548±0.336,0.916±0.080
SUV EOG,BSWR,0.709±0.116,0.786±0.103,0.685±0.143,0.780±0.107,0.730±0.099,0.830±0.142,0.435±0.170,0.800±0.127,0.629±0.298,0.857±0.180
SUV EOG,Avg NSRR,0.765±0.043,0.863±0.030,0.793±0.046,0.788±0.037,0.783±0.038,0.909±0.054,0.478±0.085,0.859±0.022,0.672±0.173,0.889±0.021
SUV EOG,Avg OOD,0.738±0.049,0.846±0.059,0.760±0.075,0.777±0.036,0.761±0.041,0.860±0.096,0.455±0.058,0.842±0.035,0.651±0.114,0.880±0.037
SUV EOG,Avg Overall,0.757±0.044,0.858±0.038,0.783±0.054,0.785±0.035,0.776±0.038,0.894±0.068,0.471±0.075,0.853±0.026,0.666±0.150,0.886±0.025
